date,new_cases,new_deaths,cases,deaths
2020-01-21,1,0,1,0
2020-01-22,0,0,1,0
2020-01-23,0,0,1,0
2020-01-24,1,0,2,0
2020-01-25,1,0,3,0
2020-01-26,2,0,5,0
2020-01-27,0,0,5,0
2020-01-28,0,0,5,0
2020-01-29,0,0,5,0
2020-01-30,1,0,6,0
2020-01-31,1,0,7,0
2020-02-01,1,0,8,0
2020-02-02,3,0,11,0
2020-02-03,0,0,11,0
2020-02-04,0,0,11,0
2020-02-05,1,0,12,0
2020-02-06,0,0,12,0
2020-02-07,0,0,12,0
2020-02-08,0,0,12,0
2020-02-09,0,0,12,0
2020-02-10,1,0,13,0
2020-02-11,0,0,13,0
2020-02-12,1,0,14,0
2020-02-13,1,0,15,0
2020-02-14,0,0,15,0
2020-02-15,0,0,15,0
2020-02-16,0,0,15,0
2020-02-17,10,0,25,0
2020-02-18,0,0,25,0
2020-02-19,0,0,25,0
2020-02-20,2,0,27,0
2020-02-21,3,0,30,0
2020-02-22,0,0,30,0
2020-02-23,0,0,30,0
2020-02-24,13,0,43,0
2020-02-25,2,0,45,0
2020-02-26,15,0,60,0
2020-02-27,0,0,60,0
2020-02-28,5,0,65,0
2020-02-29,5,1,70,1
2020-03-01,18,2,88,3
2020-03-02,16,3,104,6
2020-03-03,21,4,125,10
2020-03-04,36,2,161,12
2020-03-05,67,0,228,12
2020-03-06,83,3,311,15
2020-03-07,117,4,428,19
2020-03-08,119,3,547,22
2020-03-09,201,4,748,26
2020-03-10,270,5,1018,31
2020-03-11,245,6,1263,37
2020-03-12,405,6,1668,43
2020-03-13,556,7,2224,50
2020-03-14,674,10,2898,60
2020-03-15,702,8,3600,68
2020-03-16,907,23,4507,91
2020-03-17,1399,26,5906,117
2020-03-18,2444,45,8350,162
2020-03-19,4043,50,12393,212
2020-03-20,5619,65,18012,277
2020-03-21,6516,83,24528,360
2020-03-22,8545,98,33073,458
2020-03-23,10432,121,43505,579
2020-03-24,10433,206,53938,785
2020-03-25,14634,269,68572,1054
2020-03-26,16998,299,85570,1353
2020-03-27,17330,417,102900,1770
2020-03-28,21066,530,123966,2300
2020-03-29,18520,418,142486,2718
2020-03-30,21469,650,163955,3368
2020-03-31,24506,936,188461,4304
2020-04-01,26930,1021,215391,5325
2020-04-02,29717,1216,245108,6541
2020-04-03,32318,1391,277426,7932
2020-04-04,35099,1556,312525,9488
2020-04-05,25616,1368,338141,10856
2020-04-06,30916,1526,369057,12382
2020-04-07,30337,2234,399394,14616
2020-04-08,31820,2085,431214,16701
2020-04-09,34699,2120,465913,18821
2020-04-10,33473,2263,499386,21084
2020-04-11,31720,2084,531106,23168
2020-04-12,27143,1681,558249,24849
2020-04-13,25769,1764,584018,26613
2020-04-14,26691,2705,610709,29318
2020-04-15,30033,2752,640742,32070
2020-04-16,31613,2348,672355,34418
2020-04-17,31509,2289,703864,36707
2020-04-18,28398,1952,732262,38659
2020-04-19,25334,1520,757596,40179
2020-04-20,27395,1837,784991,42016
2020-04-21,25514,2672,810505,44688
2020-04-22,28831,2371,839336,47059
2020-04-23,33776,2169,873112,49228
2020-04-24,36741,2132,909853,51360
2020-04-25,34408,1966,944261,53326
2020-04-26,26735,1254,970996,54580
2020-04-27,23197,1442,994193,56022
2020-04-28,24653,2394,1018846,58416
2020-04-29,26555,2514,1045401,60930
2020-04-30,30357,2210,1075758,63140
2020-05-01,33970,1762,1109728,64902
2020-05-02,29474,1583,1139202,66485
2020-05-03,26140,1331,1165342,67816
2020-05-04,21962,1089,1187304,68905
2020-05-05,23707,2234,1211011,71139
2020-05-06,24508,2708,1235519,73847
2020-05-07,28476,1958,1263995,75805
2020-05-08,27648,1575,1291643,77380
2020-05-09,24868,1454,1316511,78834
2020-05-10,20317,931,1336828,79765
2020-05-11,17621,982,1354449,80747
2020-05-12,22300,1653,1376749,82400
2020-05-13,21145,1768,1397894,84168
2020-05-14,26962,1738,1424856,85906
2020-05-15,26237,1593,1451093,87499
2020-05-16,23659,1225,1474752,88724
2020-05-17,19014,844,1493766,89568
2020-05-18,21827,846,1515593,90414
2020-05-19,20977,1520,1536570,91934
2020-05-20,23070,1477,1559640,93411
2020-05-21,25733,1311,1585373,94722
2020-05-22,23799,1288,1609172,96010
2020-05-23,22268,1050,1631440,97060
2020-05-24,20031,620,1651471,97680
2020-05-25,19100,510,1670571,98190
2020-05-26,18896,747,1689467,98937
2020-05-27,18744,1485,1708211,100422
2020-05-28,22512,1200,1730723,101622
2020-05-29,24548,1190,1755271,102812
2020-05-30,23397,963,1778668,103775
2020-05-31,20634,604,1799302,104379
2020-06-01,21897,734,1821199,105113
2020-06-02,20791,1082,1841990,106195
2020-06-03,19987,989,1861977,107184
2020-06-04,21616,1008,1883593,108192
2020-06-05,28709,1112,1912302,109304
2020-06-06,22516,728,1934818,110032
2020-06-07,18616,390,1953434,110422
2020-06-08,18207,722,1971641,111144
2020-06-09,18805,1030,1990446,112174
2020-06-10,22852,929,2013298,113103
2020-06-11,23202,877,2036500,113980
2020-06-12,25493,779,2061993,114759
2020-06-13,25334,692,2087327,115451
2020-06-14,19130,317,2106457,115768
2020-06-15,20117,448,2126574,116216
2020-06-16,24885,769,2151459,116985
2020-06-17,25655,761,2177114,117746
2020-06-18,28059,727,2205173,118473
2020-06-19,30836,698,2236009,119171
2020-06-20,32025,546,2268034,119717
2020-06-21,26379,257,2294413,119974
2020-06-22,30466,360,2324879,120334
2020-06-23,35060,833,2359939,121167
2020-06-24,36989,767,2396928,121934
2020-06-25,41173,2466,2438101,124400
2020-06-26,45528,633,2483629,125033
2020-06-27,42299,511,2525928,125544
2020-06-28,39508,271,2565436,125815
2020-06-29,39496,347,2604932,126162
2020-06-30,48389,1300,2653321,127462
2020-07-01,49975,642,2703296,128104
2020-07-02,55559,723,2758855,128827
2020-07-03,57154,591,2816009,129418
2020-07-04,50006,261,2866015,129679
2020-07-05,44767,262,2910782,129941
2020-07-06,47316,391,2958098,130332
2020-07-07,54084,958,3012182,131290
2020-07-08,59455,948,3071637,132238
2020-07-09,59889,841,3131526,133079
2020-07-10,68227,828,3199753,133907
2020-07-11,60721,675,3260474,134582
2020-07-12,57805,395,3318279,134977
2020-07-13,61567,425,3379846,135402
2020-07-14,65602,954,3445448,136356
2020-07-15,68342,971,3513790,137327
2020-07-16,75687,958,3589477,138285
2020-07-17,70923,901,3660400,139186
2020-07-18,62451,775,3722851,139961
2020-07-19,62275,412,3785126,140373
2020-07-20,59888,531,3845014,140904
2020-07-21,65277,1127,3910291,142031
2020-07-22,69739,1136,3980030,143167
2020-07-23,70006,1116,4050036,144283
2020-07-24,73525,1146,4123561,145429
2020-07-25,66776,884,4190337,146313
2020-07-26,54217,440,4244554,146753
2020-07-27,59181,1696,4303735,148449
2020-07-28,63116,1327,4366851,149776
2020-07-29,66782,1396,4433633,151172
2020-07-30,68948,1261,4502581,152433
2020-07-31,69088,1429,4571669,153862
2020-08-01,56828,1055,4628497,154917
2020-08-02,50794,420,4679291,155337
2020-08-03,47484,608,4726775,155945
2020-08-04,53549,1356,4780324,157301
2020-08-05,53723,1253,4834047,158554
2020-08-06,57514,1071,4891561,159625
2020-08-07,61157,1356,4952718,160981
2020-08-08,55240,966,5007958,161947
2020-08-09,48480,539,5056438,162486
2020-08-10,47173,537,5103611,163023
2020-08-11,53357,1451,5156968,164474
2020-08-12,54278,1478,5211246,165952
2020-08-13,54061,1213,5265307,167165
2020-08-14,59477,1176,5324784,168341
2020-08-15,50743,1059,5375527,169400
2020-08-16,42137,515,5417664,169915
2020-08-17,37523,534,5455187,170449
2020-08-18,43233,1349,5498420,171798
2020-08-19,43013,1295,5541433,173093
2020-08-20,46042,1043,5587475,174136
2020-08-21,49016,1161,5636491,175297
2020-08-22,45026,950,5681517,176247
2020-08-23,32333,446,5713850,176693
2020-08-24,40404,504,5754254,177197
2020-08-25,39131,1213,5793385,178410
2020-08-26,45147,1193,5838532,179603
2020-08-27,45836,1126,5884368,180729
2020-08-28,46564,1010,5930932,181739
2020-08-29,44609,871,5975541,182610
2020-08-30,33429,374,6008970,182984
2020-08-31,36487,488,6045457,183472
2020-09-01,44049,1091,6089506,184563
2020-09-02,32444,1076,6121950,185639
2020-09-03,46397,1078,6168347,186717
2020-09-04,52101,980,6220448,187697
2020-09-05,42253,712,6262701,188409
2020-09-06,29998,411,6292699,188820
2020-09-07,25166,263,6317865,189083
2020-09-08,28942,458,6346807,189541
2020-09-09,33332,1175,6380139,190716
2020-09-10,38061,915,6418200,191631
2020-09-11,47567,1227,6465767,192858
2020-09-12,39104,701,6504871,193559
2020-09-13,33343,399,6538214,193958
2020-09-14,36887,450,6575101,194408
2020-09-15,39217,1281,6614318,195689
2020-09-16,39268,997,6653586,196686
2020-09-17,45310,849,6698896,197535
2020-09-18,48887,949,6747783,198484
2020-09-19,41811,670,6789594,199154
2020-09-20,36356,213,6825950,199367
2020-09-21,54952,430,6880902,199797
2020-09-22,37391,941,6918293,200738
2020-09-23,41549,1090,6959842,201828
2020-09-24,45204,885,7005046,202713
2020-09-25,54581,853,7059627,203566
2020-09-26,42695,769,7102322,204335
2020-09-27,37298,267,7139620,204602
2020-09-28,37360,350,7176980,204952
2020-09-29,43697,926,7220677,205878
2020-09-30,42058,974,7262735,206852
2020-10-01,46418,847,7309153,207699
2020-10-02,53580,865,7362733,208564
2020-10-03,47779,709,7410512,209273
2020-10-04,35063,333,7445575,209606
2020-10-05,62413,429,7507988,210035
2020-10-06,42862,721,7550850,210756
2020-10-07,53017,996,7603867,211752
2020-10-08,56382,928,7660249,212680
2020-10-09,58962,915,7719211,213595
2020-10-10,51648,592,7770859,214187
2020-10-11,44783,419,7815642,214606
2020-10-12,48016,351,7863658,214957
2020-10-13,54393,826,7918051,215783
2020-10-14,59853,1009,7977904,216792
2020-10-15,65353,793,8043257,217585
2020-10-16,70464,891,8113721,218476
2020-10-17,52761,678,8166482,219154
2020-10-18,47882,387,8214364,219541
2020-10-19,65440,517,8279804,220058
2020-10-20,60594,929,8340398,220987
2020-10-21,64237,1208,8404635,222195
2020-10-22,75130,828,8479765,223023
2020-10-23,85297,930,8565062,223953
2020-10-24,78579,872,8643641,224825
2020-10-25,59715,339,8703356,225164
2020-10-26,74638,537,8777994,225701
2020-10-27,74387,983,8852381,226684
2020-10-28,81882,1018,8934263,227702
2020-10-29,90669,1004,9024932,228706
2020-10-30,99868,968,9124800,229674
2020-10-31,84207,838,9209007,230512
2020-11-01,74195,428,9283202,230940
2020-11-02,94006,540,9377208,231480
2020-11-03,92416,1130,9469624,232610
2020-11-04,108078,1616,9577702,234226
2020-11-05,121349,1108,9699051,235334
2020-11-06,132823,1248,9831874,236582
2020-11-07,125931,1007,9957805,237589
2020-11-08,103323,464,10061128,238053
2020-11-09,130444,745,10191572,238798
2020-11-10,139684,1464,10331256,240262
2020-11-11,143039,1431,10474295,241693
2020-11-12,163651,1172,10637946,242865
2020-11-13,181496,1390,10819442,244255
2020-11-14,159033,1210,10978475,245465
2020-11-15,135186,623,11113661,246088
2020-11-16,166563,796,11280224,246884
2020-11-17,161631,1607,11441855,248491
2020-11-18,172280,1924,11614135,250415
2020-11-19,187508,1961,11801643,252376
2020-11-20,198859,1957,12000502,254333
2020-11-21,171933,1425,12172435,255758
2020-11-22,140794,843,12313229,256601
2020-11-23,179623,1038,12492852,257639
2020-11-24,177858,2209,12670710,259848
2020-11-25,180590,2313,12851300,262161
2020-11-26,102994,1178,12954294,263339
2020-11-27,205839,1412,13160133,264751
2020-11-28,151408,1192,13311541,265943
2020-11-29,136122,818,13447663,266761
2020-11-30,167658,1270,13615321,268031
2020-12-01,184228,2608,13799549,270639
2020-12-02,201172,2886,14000721,273525
2020-12-03,217738,2856,14218459,276381
2020-12-04,231368,2637,14449827,279018
2020-12-05,205708,2190,14655535,281208
2020-12-06,171921,1111,14827456,282319
2020-12-07,204523,1534,15031979,283853
2020-12-08,219714,2821,15251693,286674
2020-12-09,219716,3156,15471409,289830
2020-12-10,225722,2941,15697131,292771
2020-12-11,280016,2955,15977147,295726
2020-12-12,207532,2255,16184679,297981
2020-12-13,184219,1357,16368898,299338
2020-12-14,200885,1678,16569783,301016
2020-12-15,203153,3025,16772936,304041
2020-12-16,244827,3611,17017763,307652
2020-12-17,237709,3298,17255472,310950
2020-12-18,251190,2870,17506662,313820
2020-12-19,193905,2561,17700567,316381
2020-12-20,179911,1429,17880478,317810
2020-12-21,201518,1963,18081996,319773
2020-12-22,201637,3239,18283633,323012
2020-12-23,227763,3412,18511396,326424
2020-12-24,193511,2824,18704907,329248
2020-12-25,100931,1129,18805838,330377
2020-12-26,216861,1646,19022699,332023
2020-12-27,152089,1230,19174788,333253
2020-12-28,189010,1899,19363798,335152
2020-12-29,201030,3628,19564828,338780
2020-12-30,228949,3808,19793777,342588
2020-12-31,231024,3462,20024801,346050
2021-01-01,147248,1920,20172049,347970
2021-01-02,291610,2373,20463659,350343
2021-01-03,201780,1351,20665439,351694
2021-01-04,251830,2049,20917269,353743
2021-01-05,235016,3689,21152285,357432
2021-01-06,255966,3964,21408251,361396
2021-01-07,280334,4113,21688585,365509
2021-01-08,300777,3895,21989362,369404
2021-01-09,251919,3259,22241281,372663
2021-01-10,208295,1777,22449576,374440
2021-01-11,226316,2048,22675892,376488
2021-01-12,229977,4406,22905869,380894
2021-01-13,229325,3930,23135194,384824
2021-01-14,239522,3980,23374716,388804
2021-01-15,239853,3749,23614569,392553
2021-01-16,202193,3341,23816762,395894
2021-01-17,170094,1730,23986856,397624
2021-01-18,141133,1441,24127989,399065
2021-01-19,186944,2771,24314933,401836
2021-01-20,185488,4380,24500421,406216
2021-01-21,190482,4135,24690903,410351
2021-01-22,191565,3731,24882468,414082
2021-01-23,167917,3322,25050385,417404
2021-01-24,129676,1815,25180061,419219
2021-01-25,156576,1907,25336637,421126
2021-01-26,150638,4098,25487275,425224
2021-01-27,155770,4102,25643045,429326
2021-01-28,166175,3868,25809220,433194
2021-01-29,164615,3600,25973835,436794
2021-01-30,133800,2641,26107635,439435
2021-01-31,114040,1864,26221675,441299
2021-02-01,141609,1950,26363284,443249
2021-02-02,115256,3611,26478540,446860
2021-02-03,120183,3843,26598723,450703
2021-02-04,125636,5117,26724359,455820
2021-02-05,129501,3570,26853860,459390
2021-02-06,104947,2662,26958807,462052
2021-02-07,87281,1301,27046088,463353
2021-02-08,92982,1583,27139070,464936
2021-02-09,96390,3170,27235460,468106
2021-02-10,94975,3254,27330435,471360
2021-02-11,105640,3878,27436075,475238
2021-02-12,99627,5463,27535702,480701
2021-02-13,84652,3372,27620354,484073
2021-02-14,63780,1081,27684134,485154
2021-02-15,55272,994,27739406,486148
2021-02-16,64540,1707,27803946,487855
2021-02-17,70161,2471,27874107,490326
2021-02-18,71791,2625,27945898,492951
2021-02-19,78012,2621,28023910,495572
2021-02-20,69720,1831,28093630,497403
2021-02-21,55180,1247,28148810,498650
2021-02-22,59466,1454,28208276,500104
2021-02-23,71913,2328,28280189,502432
2021-02-24,74194,3210,28354383,505642
2021-02-25,77882,2465,28432265,508107
2021-02-26,78317,2176,28510582,510283
2021-02-27,62674,1567,28573256,511850
2021-02-28,50905,1129,28624161,512979
2021-03-01,56696,1425,28680857,514404
2021-03-02,57644,1306,28738501,515710
2021-03-03,66612,2369,28805113,518079
2021-03-04,67282,1949,28872395,520028
2021-03-05,65695,2483,28938090,522511
2021-03-06,56585,1459,28994675,523970
2021-03-07,40064,676,29034739,524646
2021-03-08,94513,820,29129252,525466
2021-03-09,55899,1885,29185151,527351
2021-03-10,58195,1474,29243346,528825
2021-03-11,62387,1524,29305733,530349
2021-03-12,64166,1705,29369899,532054
2021-03-13,49557,1874,29419456,533928
2021-03-14,37989,569,29457445,534497
2021-03-15,57164,753,29514609,535250
2021-03-16,54531,1244,29569140,536494
2021-03-17,58931,1177,29628071,537671
2021-03-18,60470,1558,29688541,539229
2021-03-19,60623,1514,29749164,540743
2021-03-20,54425,772,29803589,541515
2021-03-21,34193,448,29837782,541963
2021-03-22,54716,648,29892498,542611
2021-03-23,56746,893,29949244,543504
2021-03-24,79903,1590,30029147,545094
2021-03-25,69116,1270,30098263,546364
2021-03-26,74499,1260,30172762,547624
2021-03-27,60700,780,30233462,548404
2021-03-28,44515,490,30277977,548894
2021-03-29,70739,685,30348716,549579
2021-03-30,62234,947,30410950,550526
2021-03-31,67936,1135,30478886,551661
2021-04-01,77193,957,30556079,552618
2021-04-02,68589,956,30624668,553574
2021-04-03,64136,753,30688804,554327
2021-04-04,36823,272,30725627,554599
2021-04-05,76594,530,30802221,555129
2021-04-06,61972,909,30864193,556038
2021-04-07,73090,2571,30937283,558609
2021-04-08,80458,1002,31017741,559611
2021-04-09,81582,946,31099323,560557
2021-04-10,64758,704,31164081,561261
2021-04-11,47977,301,31212058,561562
2021-04-12,71932,465,31283990,562027
2021-04-13,77321,983,31361311,563010
2021-04-14,75750,935,31437061,563945
2021-04-15,73694,917,31510755,564862
2021-04-16,78354,935,31589109,565797
2021-04-17,53874,677,31642983,566474
2021-04-18,41399,358,31684382,566832
2021-04-19,70260,485,31754642,567317
2021-04-20,61024,832,31815666,568149
2021-04-21,62495,840,31878161,568989
2021-04-22,66241,911,31944402,569900
2021-04-23,63784,873,32008186,570773
2021-04-24,50468,725,32058654,571498
2021-04-25,33591,282,32092245,571780
2021-04-26,47335,479,32139580,572259
2021-04-27,51877,713,32191457,572972
2021-04-28,54818,934,32246275,573906
2021-04-29,57582,874,32303857,574780
2021-04-30,58517,860,32362374,575640
2021-05-01,44759,715,32407133,576355
2021-05-02,29632,312,32436765,576667
2021-05-03,49944,459,32486709,577126
2021-05-04,40955,904,32527664,578030
2021-05-05,44719,776,32572383,578806
2021-05-06,47694,832,32620077,579638
2021-05-07,47493,812,32667570,580450
2021-05-08,33666,604,32701236,581054
2021-05-09,22328,246,32723564,581300
2021-05-10,36557,370,32760121,581670
2021-05-11,34041,693,32794162,582363
2021-05-12,35483,848,32829645,583211
2021-05-13,38439,780,32868084,583991
2021-05-14,40981,732,32909065,584723
2021-05-15,29050,559,32938115,585282
2021-05-16,16710,292,32954825,585574
2021-05-17,29207,384,32984032,585958
2021-05-18,27863,867,33011895,586825
2021-05-19,28794,675,33040689,587500
2021-05-20,29618,654,33070307,588154
2021-05-21,36800,696,33107107,588850
2021-05-22,10527,479,33117634,589329
2021-05-23,14150,189,33131784,589518
2021-05-24,25628,417,33157412,589935
2021-05-25,22838,700,33180250,590635
2021-05-26,23386,966,33203636,591601
2021-05-27,27747,1341,33231383,592942
2021-05-28,22024,759,33253407,593701
2021-05-29,11560,339,33264967,594040
2021-05-30,7442,131,33272409,594171
2021-05-31,5503,150,33277912,594321
2021-06-01,22570,520,33300482,594841
2021-06-02,16858,594,33317340,595435
2021-06-03,19471,616,33336811,596051
2021-06-04,-23999,139,33312812,596190
2021-06-05,10448,375,33323260,596565
2021-06-06,6153,252,33329413,596817
2021-06-07,19452,336,33348865,597153
2021-06-08,14185,375,33363050,597528
2021-06-09,20664,572,33383714,598100
2021-06-10,15799,460,33399513,598560
2021-06-11,16827,517,33416340,599077
2021-06-12,8279,170,33424619,599247
2021-06-13,6787,95,33431406,599342
2021-06-14,15119,210,33446525,599552
2021-06-15,11872,452,33458397,600004
2021-06-16,14411,424,33472808,600428
2021-06-17,12187,288,33484995,600716
2021-06-18,12700,469,33497695,601185
2021-06-19,7580,169,33505275,601354
2021-06-20,4063,90,33509338,601444
2021-06-21,15844,288,33525182,601732
2021-06-22,12761,432,33537943,602164
2021-06-23,14031,398,33551974,602562
2021-06-24,14695,355,33566669,602917
2021-06-25,14963,458,33581632,603375
2021-06-26,6791,126,33588423,603501
2021-06-27,4087,96,33592510,603597
2021-06-28,15548,161,33608058,603758
2021-06-29,15729,379,33623787,604137
2021-06-30,15977,323,33639764,604460
2021-07-01,64959,247,33704723,604707
2021-07-02,20436,266,33725159,604973
2021-07-03,3993,86,33729152,605059
2021-07-04,2922,37,33732074,605096
2021-07-05,4591,41,33736665,605137
2021-07-06,27077,317,33763742,605454
2021-07-07,30219,322,33793961,605776
2021-07-08,49233,366,33843194,606142
2021-07-09,35335,407,33878529,606549
2021-07-10,7758,88,33886287,606637
2021-07-11,5543,30,33891830,606667
2021-07-12,35383,273,33927213,606940
2021-07-13,42982,432,33970195,607372
2021-07-14,38055,393,34008250,607765
2021-07-15,36018,338,34044268,608103
2021-07-16,52224,357,34096492,608460
2021-07-17,12445,83,34108937,608543
2021-07-18,9027,37,34117964,608580
2021-07-19,59182,231,34177146,608811
2021-07-20,62111,300,34239257,609111
2021-07-21,60053,397,34299310,609508
2021-07-22,65519,362,34364829,609870
2021-07-23,82781,443,34447610,610313
2021-07-24,21590,101,34469200,610414
2021-07-25,13833,49,34483033,610463
2021-07-26,93086,259,34576119,610722
2021-07-27,106818,484,34682937,611206
2021-07-28,84961,505,34767898,611711
2021-07-29,98294,393,34866192,612104
2021-07-30,122674,671,34988866,612775
2021-07-31,29698,144,35018564,612919
2021-08-01,22894,63,35041458,612982
2021-08-02,136170,458,35177628,613440
2021-08-03,150311,669,35327939,614109
2021-08-04,112344,725,35440283,614834
2021-08-05,126972,574,35567255,615408
2021-08-06,168351,849,35735606,616257
2021-08-07,42115,206,35777721,616463
2021-08-08,36068,131,35813789,616594
2021-08-09,178691,720,35992480,617314
2021-08-10,162091,1049,36154571,618363
2021-08-11,155577,338,36310148,618701
2021-08-12,138709,1022,36448857,619723
2021-08-13,187392,1086,36636249,620809
2021-08-14,49817,242,36686066,621051
2021-08-15,43818,177,36729884,621228
2021-08-16,259493,1016,36989377,622244
2021-08-17,144297,993,37133674,623237
2021-08-18,164869,1128,37298543,624365
2021-08-19,159806,1734,37458349,626099
2021-08-20,199294,1532,37657643,627631
2021-08-21,79391,469,37737034,628100
2021-08-22,40573,185,37777607,628285
2021-08-23,266147,1359,38043754,629644
2021-08-24,150197,1413,38193951,631057
2021-08-25,170936,1465,38364887,632522
2021-08-26,187761,2213,38552648,634735
2021-08-27,195911,1774,38748559,636509
2021-08-28,85259,567,38833818,637076
2021-08-29,42158,280,38875976,637356
2021-08-30,280403,1725,39156379,639081
2021-08-31,160250,1438,39316629,640519
2021-09-01,210995,1935,39527624,642454
2021-09-02,175696,2937,39703320,645391
2021-09-03,191475,1979,39894795,647370
2021-09-04,66054,526,39960849,647896
2021-09-05,44417,377,40005266,648273
2021-09-06,76976,515,40082242,648788
2021-09-07,301138,2226,40383380,651014
2021-09-08,184189,2202,40567569,653216
2021-09-09,170571,3232,40738140,656448
2021-09-10,176316,2417,40914456,658865
2021-09-11,73926,691,40988382,659556
2021-09-12,39558,298,41027940,659854
2021-09-13,285058,1725,41312998,661579
2021-09-14,152696,2656,41465694,664235
2021-09-15,170195,2581,41635889,666816
2021-09-16,154883,3418,41790772,670234
2021-09-17,166938,2579,41957710,672813
2021-09-18,68180,824,42025890,673637
2021-09-19,39956,302,42065846,673939
2021-09-20,208166,2252,42274012,676191
2021-09-21,129975,2365,42403987,678556
2021-09-22,147493,2787,42551480,681343
2021-09-23,127864,3155,42679344,684498
2021-09-24,140011,2749,42819355,687247
2021-09-25,51592,629,42870947,687876
2021-09-26,34235,302,42905182,688178
2021-09-27,194789,2381,43099971,690559
2021-09-28,113340,2319,43213311,692878
2021-09-29,128512,2515,43341823,695393
2021-09-30,116209,2743,43458032,698136
2021-10-01,125776,2447,43583808,700583
2021-10-02,44222,648,43628030,701231
2021-10-03,25839,249,43653869,701480
2021-10-04,172699,2035,43826568,703515
2021-10-05,98602,2028,43925170,705543
2021-10-06,125955,2530,44051125,708073
2021-10-07,105402,2449,44156527,710522
2021-10-08,112926,2445,44269453,712967
2021-10-09,37334,513,44306787,713480
2021-10-10,23039,481,44329826,713961
2021-10-11,123680,1162,44453506,715123
2021-10-12,111576,2525,44565082,717648
2021-10-13,106557,2239,44671639,719887
2021-10-14,88969,2042,44760608,721929
2021-10-15,98560,2175,44859168,724104
2021-10-16,33541,387,44892709,724491
2021-10-17,22152,182,44914861,724673
2021-10-18,122033,1872,45036894,726545
2021-10-19,83683,2137,45120577,728682
2021-10-20,86622,3006,45207199,731688
2021-10-21,81946,1876,45289145,733564
2021-10-22,87297,2135,45376442,735699
2021-10-23,29824,449,45406266,736148
2021-10-24,17102,148,45423368,736296
2021-10-25,105561,1413,45528929,737709
2021-10-26,87423,1736,45616352,739445
2021-10-27,94544,2015,45710896,741460
2021-10-28,86185,1782,45797081,743242
2021-10-29,88723,2020,45885804,745262
2021-10-30,29411,324,45915215,745586
2021-10-31,18883,157,45934098,745743
2021-11-01,124570,1151,46058668,746894
2021-11-02,76943,1516,46135611,748410
2021-11-03,84844,1880,46220455,750290
2021-11-04,83087,1123,46303542,751413
2021-11-05,91768,2321,46395310,753734
2021-11-06,31939,402,46427249,754136
2021-11-07,22085,132,46449334,754268
2021-11-08,126461,1221,46575795,755489
2021-11-09,83651,1716,46659446,757205
2021-11-10,98390,1636,46757836,758841
2021-11-11,64601,722,46822437,759563
2021-11-12,129351,2061,46951788,761624
2021-11-13,61397,468,47013185,762092
2021-11-14,23609,142,47036794,762234
2021-11-15,148624,1191,47185418,763425
2021-11-16,90486,1446,47275904,764871
2021-11-17,114357,1618,47390261,766489
2021-11-18,110273,3331,47500534,769820
2021-11-19,119648,1991,47620182,771811
2021-11-20,41064,325,47661246,772136
2021-11-21,31372,123,47692618,772259
2021-11-22,158898,1143,47851516,773402
2021-11-23,92771,1478,47944287,774880
2021-11-24,119892,1636,48064179,776516
2021-11-25,30853,377,48095032,776893
2021-11-26,51525,544,48146557,777437
2021-11-27,24679,192,48171236,777629
2021-11-28,23950,121,48195186,777750
2021-11-29,216312,1874,48411498,779624
2021-11-30,109294,1559,48520792,781183
2021-12-01,139320,1966,48660112,783149
2021-12-02,138712,1357,48798824,784506
2021-12-03,153245,2161,48952069,786667
2021-12-04,58144,490,49010213,787157
2021-12-05,34573,161,49044786,787318
2021-12-06,197444,1342,49242230,788660
2021-12-07,113997,1774,49356227,790434
2021-12-08,149045,1879,49505272,792313
2021-12-09,123505,1295,49628777,793608
2021-12-10,165062,2103,49793839,795711
2021-12-11,51345,416,49845184,796127
2021-12-12,36356,195,49881540,796322
2021-12-13,202883,1289,50084423,797611
2021-12-14,116859,1734,50201282,799345
2021-12-15,145276,2093,50346558,801438
2021-12-16,146319,1163,50492877,802601
2021-12-17,171145,2096,50664022,804697
2021-12-18,74663,474,50738685,805171
2021-12-19,72479,163,50811164,805334
2021-12-20,302900,1419,51114064,806753
2021-12-21,189471,2088,51303535,808841
2021-12-22,243692,2086,51547227,810927
2021-12-23,265215,3284,51812442,814211
2021-12-24,183925,1002,51996367,815213
2021-12-25,58348,99,52054715,815312
2021-12-26,189714,79,52244429,815391
2021-12-27,543540,1743,52787969,817134
2021-12-28,380712,2496,53168681,819630
2021-12-29,489064,2101,53657745,821731
2021-12-30,585055,1410,54242800,823141
2021-12-31,446567,1195,54689367,824336
2022-01-01,161060,273,54850427,824609
2022-01-02,286637,232,55137064,824841
2022-01-03,1018935,1650,56155999,826491
2022-01-04,885906,2362,57041905,828853
2022-01-05,704064,2128,57745969,830981
2022-01-06,759218,1972,58505187,832953
2022-01-07,900170,2684,59405357,835637
2022-01-08,446240,690,59851597,836327
2022-01-09,315335,401,60166932,836728
2022-01-10,1433977,1684,61600909,838412
2022-01-11,769928,2680,62370837,841092
2022-01-12,880982,2761,63251819,843853
2022-01-13,868707,2257,64120526,846110
2022-01-14,933326,2991,65053852,849101
2022-01-15,423227,998,65477079,850099
2022-01-16,337807,410,65814886,850509
2022-01-17,712051,774,66526937,851283
2022-01-18,1178403,2985,67705340,854268
2022-01-19,851955,3376,68557295,857644
2022-01-20,748320,2672,69305615,860316
2022-01-21,825315,3866,70130930,864182
2022-01-22,337384,934,70468314,865116
2022-01-23,199481,571,70667795,865687
2022-01-24,1032159,2179,71699954,867866
2022-01-25,510913,2972,72210867,870838
2022-01-26,684446,3895,72895313,874733
2022-01-27,530264,3091,73425577,877824
2022-01-28,555775,3879,73981352,881703
2022-01-29,242113,1306,74223465,883009
2022-01-30,104058,361,74327523,883370
2022-01-31,661972,2573,74989495,885943
2022-02-01,296405,3582,75285900,889525
2022-02-02,325029,3631,75610929,893156
2022-02-03,312242,3022,75923171,896178
2022-02-04,312980,3976,76236151,900154
2022-02-05,123767,868,76359918,901022
2022-02-06,58477,378,76418395,901400
2022-02-07,348119,2739,76766514,904139
2022-02-08,194496,3358,76961010,907497
2022-02-09,226349,3570,77187359,911067
2022-02-10,173593,3261,77360952,914328
2022-02-11,169823,2807,77530775,917135
2022-02-12,63962,761,77594737,917896
2022-02-13,34388,472,77629125,918368
2022-02-14,206324,2586,77835449,920954
2022-02-15,115512,2850,77950961,923804
2022-02-16,141180,3306,78092141,927110
2022-02-17,103865,3187,78196006,930297
2022-02-18,109609,2491,78305615,932788
2022-02-19,46211,692,78351826,933480
2022-02-20,26167,414,78377993,933894
2022-02-21,55659,760,78433652,934654
2022-02-22,123117,2726,78556769,937380
2022-02-23,84544,3024,78641313,940404
2022-02-24,73406,2908,78714719,943312
2022-02-25,85986,2809,78800705,946121
2022-02-26,25222,565,78825927,946686
2022-02-27,9086,197,78835013,946883
2022-02-28,107800,1972,78942813,948855
2022-03-01,43583,1933,78986396,950788
2022-03-02,58146,2348,79044542,953136
2022-03-03,51737,1882,79096279,955018
2022-03-04,49587,1892,79145866,956910
2022-03-05,16615,307,79162481,957217
2022-03-06,6775,212,79169256,957429
2022-03-07,63052,1686,79232308,959115
2022-03-08,34016,1575,79266324,960690
2022-03-09,47704,1813,79314028,962503
2022-03-10,38193,1559,79352221,964062
2022-03-11,44375,1684,79396596,965746
2022-03-12,10922,472,79407518,966218
2022-03-13,6390,143,79413908,966361
2022-03-14,49048,-2435,79462956,963926
2022-03-15,48396,1523,79511352,965449
2022-03-16,39396,2033,79550748,967482
2022-03-17,35986,1208,79586734,968690
2022-03-18,36469,1043,79623203,969733
2022-03-19,12119,332,79635322,970065
2022-03-20,7853,83,79643175,970148
2022-03-21,46135,959,79689310,971107
2022-03-22,25669,997,79714979,972104
2022-03-23,47087,1355,79762066,973459
2022-03-24,37746,982,79799812,974441
2022-03-25,33737,832,79833549,975273
2022-03-26,12055,163,79845604,975436
2022-03-27,7498,50,79853102,975486
2022-03-28,42236,910,79895338,976396
2022-03-29,25628,757,79920966,977153
2022-03-30,45442,1208,79966408,978361
2022-03-31,37777,875,80004185,979236
2022-04-01,32435,645,80036620,979881
2022-04-02,11395,137,80048015,980018
2022-04-03,4927,39,80052942,980057
2022-04-04,41040,625,80093982,980682
2022-04-05,30893,464,80124875,981146
2022-04-06,49323,1117,80174198,982263
2022-04-07,35706,708,80209904,982971
2022-04-08,44105,543,80254009,983514
2022-04-09,13521,272,80267530,983786
2022-04-10,8185,27,80275715,983813
2022-04-11,49985,434,80325700,984247
2022-04-12,29034,591,80354734,984838
2022-04-13,53909,994,80408643,985832
2022-04-14,57463,616,80466106,986448
2022-04-15,47618,723,80513724,987171
2022-04-16,10903,40,80524627,987211
2022-04-17,11279,17,80535906,987228
2022-04-18,60076,317,80595982,987545
2022-04-19,50022,454,80646004,987999
2022-04-20,62897,611,80708901,988610
2022-04-21,59266,484,80768167,989094
2022-04-22,68097,490,80836264,989584
2022-04-23,18917,97,80855181,989681
2022-04-24,12391,28,80867572,989709
2022-04-25,74612,353,80942184,990062
2022-04-26,54653,306,80996837,990368
2022-04-27,84470,671,81081307,991039
2022-04-28,73569,463,81154876,991502
2022-04-29,81831,419,81236707,991921
2022-04-30,22326,89,81259033,992010
2022-05-01,15368,23,81274401,992033
2022-05-02,95844,391,81370245,992424
2022-05-03,69334,664,81439579,993088
2022-05-04,101956,1933,81541535,995021
2022-05-05,93427,694,81634962,995715
2022-05-06,95212,453,81730174,996168
2022-05-07,30358,96,81760532,996264
2022-05-08,11793,19,81772325,996283
2022-05-09,112653,329,81884978,996612
2022-05-10,93623,304,81978601,996916
2022-05-11,161535,565,82140136,997481
2022-05-12,115357,372,82255493,997853
2022-05-13,114465,426,82369958,998279
2022-05-14,25065,46,82395023,998325
2022-05-15,19439,27,82414462,998352
2022-05-16,149818,321,82564280,998673
2022-05-17,134093,354,82698373,999027
2022-05-18,168915,580,82867288,999607
2022-05-19,121162,406,82988450,1000013
2022-05-20,140016,398,83128466,1000411
2022-05-21,37307,115,83165773,1000526
2022-05-22,21987,51,83187760,1000577
2022-05-23,132884,249,83320644,1000826
2022-05-24,132365,549,83453009,1001375
2022-05-25,187094,804,83640103,1002179
2022-05-26,124641,343,83764744,1002522
2022-05-27,138911,602,83903655,1003124
2022-05-28,13762,35,83917417,1003159
2022-05-29,9045,8,83926462,1003167
2022-05-30,32152,22,83958614,1003189
2022-05-31,182383,382,84140997,1003571
2022-06-01,219026,592,84360023,1004163
2022-06-02,111370,371,84471393,1004534
2022-06-03,142212,407,84613605,1004941
2022-06-04,43650,193,84657255,1005134
2022-06-05,16479,18,84673734,1005152
2022-06-06,137103,321,84810837,1005473
2022-06-07,142813,470,84953650,1005943
2022-06-08,178806,1045,85132456,1006988
2022-06-09,117711,343,85250167,1007331
2022-06-10,136041,371,85386208,1007702
2022-06-11,35373,124,85421581,1007826
2022-06-12,18393,19,85439974,1007845
2022-06-13,125403,271,85565377,1008116
2022-06-14,135415,438,85700792,1008554
2022-06-15,171804,654,85872596,1009208
2022-06-16,104197,335,85976793,1009543
2022-06-17,116557,304,86093350,1009847
2022-06-18,14765,24,86108115,1009871
2022-06-19,14607,22,86122722,1009893
2022-06-20,54196,89,86176918,1009982
2022-06-21,209738,570,86386656,1010552
2022-06-22,170441,774,86557097,1011326
2022-06-23,116493,499,86673590,1011825
2022-06-24,155559,492,86829149,1012317
2022-06-25,47669,163,86876818,1012480
2022-06-26,18238,6,86895056,1012486
2022-06-27,132239,279,87027295,1012765
2022-06-28,122288,541,87149583,1013306
2022-06-29,195776,693,87345359,1013999
2022-06-30,123718,453,87469077,1014452
2022-07-01,152261,522,87621338,1014974
2022-07-02,12320,21,87633658,1014995
2022-07-03,6861,3,87640519,1014998
2022-07-04,35662,64,87676181,1015062
2022-07-05,180886,426,87857067,1015488
2022-07-06,240291,717,88097358,1016205
2022-07-07,124612,475,88221970,1016680
2022-07-08,168059,562,88390029,1017242
2022-07-09,23586,36,88413615,1017278
2022-07-10,22569,8,88436184,1017286
2022-07-11,175329,551,88611513,1017837
2022-07-12,184269,522,88795782,1018359
2022-07-13,191126,880,88986908,1019239
2022-07-14,144183,458,89131091,1019697
2022-07-15,169882,533,89300973,1020230
2022-07-16,21042,42,89322015,1020272
2022-07-17,21971,11,89343986,1020283
2022-07-18,170448,520,89514434,1020803
2022-07-19,160871,547,89675305,1021350
2022-07-20,204616,792,89879921,1022142
2022-07-21,153511,551,90033432,1022693
2022-07-22,165689,580,90199121,1023273
2022-07-23,24251,56,90223372,1023329
2022-07-24,21500,14,90244872,1023343
2022-07-25,167703,512,90412575,1023855
2022-07-26,164235,519,90576810,1024374
2022-07-27,226485,824,90803295,1025198
2022-07-28,149107,484,90952402,1025682
2022-07-29,139296,618,91091698,1026300
2022-07-30,11967,22,91103665,1026322
2022-07-31,10865,9,91114530,1026331
2022-08-01,176726,606,91291256,1026937
2022-08-02,108210,445,91399466,1027382
2022-08-03,217279,1057,91616745,1028439
2022-08-04,164731,673,91781476,1029112
2022-08-05,131914,657,91913390,1029769
2022-08-06,10786,28,91924176,1029797
2022-08-07,10081,11,91934257,1029808
2022-08-08,145444,563,92079701,1030371
2022-08-09,128647,562,92208348,1030933
2022-08-10,174832,872,92383180,1031805
2022-08-11,137018,701,92520198,1032506
2022-08-12,121768,671,92641966,1033177
2022-08-13,6854,18,92648820,1033195
2022-08-14,10704,12,92659524,1033207
2022-08-15,129362,555,92788886,1033762
2022-08-16,120617,472,92909503,1034234
2022-08-17,159819,960,93069322,1035194
2022-08-18,126366,608,93195688,1035802
2022-08-19,108491,531,93304179,1036333
2022-08-20,7927,27,93312106,1036360
2022-08-21,8522,8,93320628,1036368
2022-08-22,120642,593,93441270,1036961
2022-08-23,105203,505,93546473,1037466
2022-08-24,174117,926,93720590,1038392
2022-08-25,111177,644,93831767,1039036
2022-08-26,102432,637,93934199,1039673
2022-08-27,8823,30,93943022,1039703
2022-08-28,8539,3,93951561,1039706
2022-08-29,112305,591,94063866,1040297
2022-08-30,117036,467,94180902,1040764
2022-08-31,154106,1403,94335008,1042167
2022-09-01,108660,713,94443668,1042880
2022-09-02,88353,502,94532021,1043382
2022-09-03,7437,19,94539458,1043401
2022-09-04,5823,1,94545281,1043402
2022-09-05,18464,53,94563745,1043455
2022-09-06,125894,628,94689639,1044083
2022-09-07,143851,829,94833490,1044912
2022-09-08,88425,674,94921915,1045586
2022-09-09,73885,533,94995800,1046119
2022-09-10,3227,26,94999027,1046145
2022-09-11,11464,19,95010491,1046164
2022-09-12,87513,569,95098004,1046733
2022-09-13,61642,488,95159646,1047221
2022-09-14,115429,920,95275075,1048141
2022-09-15,94428,624,95369503,1048765
2022-09-16,58755,448,95428258,1049213
2022-09-17,6723,22,95434981,1049235
2022-09-18,5259,8,95440240,1049243
2022-09-19,67366,507,95507606,1049750
2022-09-20,51588,408,95559194,1050158
2022-09-21,107334,925,95666528,1051083
2022-09-22,93702,518,95760230,1051601
2022-09-23,44496,455,95804726,1052056
2022-09-24,8091,37,95812817,1052093
2022-09-25,6319,6,95819136,1052099
2022-09-26,58520,404,95877656,1052503
2022-09-27,41883,445,95919539,1052948
2022-09-28,100328,1312,96019867,1054260
2022-09-29,84992,633,96104859,1054893
2022-09-30,39367,397,96144226,1055290
2022-10-01,6417,26,96150643,1055316
2022-10-02,5948,0,96156591,1055316
2022-10-03,47836,280,96204427,1055596
2022-10-04,35854,477,96240281,1056073
2022-10-05,80514,1112,96320795,1057185
2022-10-06,73835,704,96394630,1057889
2022-10-07,34654,317,96429284,1058206
2022-10-08,-6940,-50,96422344,1058156
2022-10-09,6054,3,96428398,1058159
2022-10-10,24294,163,96452692,1058322
2022-10-11,41175,597,96493867,1058919
2022-10-12,73680,787,96567547,1059706
2022-10-13,75644,639,96643191,1060345
2022-10-14,29650,385,96672841,1060730
2022-10-15,2776,18,96675617,1060748
2022-10-16,7046,12,96682663,1060760
2022-10-17,47148,358,96729811,1061118
2022-10-18,28124,380,96757935,1061498
2022-10-19,68459,705,96826394,1062203
2022-10-20,61101,538,96887495,1062741
2022-10-21,33962,628,96921457,1063369
2022-10-22,2576,10,96924033,1063379
2022-10-23,6975,1,96931008,1063380
2022-10-24,39792,233,96970800,1063613
2022-10-25,25656,380,96996456,1063993
2022-10-26,80815,1125,97077271,1065118
2022-10-27,68863,588,97146134,1065706
2022-10-28,33101,236,97179235,1065942
2022-10-29,3692,22,97182927,1065964
2022-10-30,3679,2,97186606,1065966
2022-10-31,46412,184,97233018,1066150
2022-11-01,29310,341,97262328,1066491
2022-11-02,76147,875,97338475,1067366
2022-11-03,78076,556,97416551,1067922
2022-11-04,49359,489,97465910,1068411
2022-11-05,3729,21,97469639,1068432
2022-11-06,6639,5,97476278,1068437
2022-11-07,39292,137,97515570,1068574
2022-11-08,21141,213,97536711,1068787
2022-11-09,93686,920,97630397,1069707
2022-11-10,87920,581,97718317,1070288
2022-11-11,11324,12718,97729641,1083006
2022-11-12,2575,2,97732216,1083008
2022-11-13,1954,1,97734170,1083009
2022-11-14,50921,172,97785091,1083181
2022-11-15,33064,303,97818155,1083484
2022-11-16,78326,505,97896481,1083989
2022-11-17,83021,426,97979502,1084415
2022-11-18,50688,516,98030190,1084931
2022-11-19,3497,11,98033687,1084942
2022-11-20,3239,0,98036926,1084942
2022-11-21,43664,164,98080590,1085106
2022-11-22,37327,447,98117917,1085553
2022-11-23,110685,971,98228602,1086524
2022-11-24,36030,150,98264632,1086674
2022-11-25,25718,219,98290350,1086893
2022-11-26,1190,1,98291540,1086894
2022-11-27,6829,14,98298369,1086908
2022-11-28,57948,190,98356317,1087098
2022-11-29,47873,317,98404190,1087415
2022-11-30,111941,458,98516131,1087873
2022-12-01,97140,691,98613271,1088564
2022-12-02,73466,414,98686737,1088978
2022-12-03,4861,19,98691598,1088997
2022-12-04,4606,0,98696204,1088997
2022-12-05,54039,184,98750243,1089181
2022-12-06,48438,481,98798681,1089662
2022-12-07,150330,937,98949011,1090599
2022-12-08,140393,1500,99089404,1092099
2022-12-09,33559,294,99122963,1092393
2022-12-10,5055,17,99128018,1092410
2022-12-11,5285,0,99133303,1092410
2022-12-12,54299,185,99187602,1092595
2022-12-13,58272,469,99245874,1093064
2022-12-14,155088,805,99400962,1093869
2022-12-15,126754,640,99527716,1094509
2022-12-16,74194,553,99601910,1095062
2022-12-17,4928,12,99606838,1095074
2022-12-18,5920,0,99612758,1095074
2022-12-19,57233,223,99669991,1095297
2022-12-20,56831,452,99726822,1095749
2022-12-21,180471,1011,99907293,1096760
2022-12-22,148531,601,100055824,1097361
2022-12-23,31370,176,100087194,1097537
2022-12-24,4923,2,100092117,1097539
2022-12-25,3449,0,100095566,1097539
2022-12-26,9232,11,100104798,1097550
2022-12-27,85608,262,100190406,1097812
2022-12-28,122972,839,100313378,1098651
2022-12-29,110093,651,100423471,1099302
2022-12-30,33191,522,100456662,1099824
2022-12-31,5522,13,100462184,1099837
2023-01-01,-14195,0,100447989,1099837
2023-01-02,10893,0,100458882,1099837
2023-01-03,76682,315,100535564,1100152
2023-01-04,208167,2126,100743731,1102278
2023-01-05,115830,678,100859561,1102956
2023-01-06,109594,561,100969155,1103517
2023-01-07,3607,13,100972762,1103530
2023-01-08,6100,3,100978862,1103533
2023-01-09,44472,199,101023334,1103732
2023-01-10,43997,727,101067331,1104459
2023-01-11,158215,1523,101225546,1105982
2023-01-12,97230,756,101322776,1106738
2023-01-13,30727,275,101353503,1107013
2023-01-14,3904,26,101357407,1107039
2023-01-15,3735,1,101361142,1107040
2023-01-16,8408,11,101369550,1107051
2023-01-17,58642,737,101428192,1107788
2023-01-18,145161,1482,101573353,1109270
2023-01-19,67929,814,101641282,1110084
2023-01-20,82833,920,101724115,1111004
2023-01-21,2473,7,101726588,1111011
2023-01-22,4953,9,101731541,1111020
2023-01-23,32412,270,101763953,1111290
2023-01-24,31773,701,101795726,1111991
2023-01-25,113283,1243,101909009,1113234
2023-01-26,78852,804,101987861,1114038
2023-01-27,14171,179,102002032,1114217
2023-01-28,2200,7,102004232,1114224
2023-01-29,4424,4,102008656,1114228
2023-01-30,30449,185,102039105,1114413
2023-01-31,31067,588,102070172,1115001
2023-02-01,109666,973,102179838,1115974
2023-02-02,67603,692,102247441,1116666
2023-02-03,64375,1162,102311816,1117828
2023-02-04,2896,9,102314712,1117837
2023-02-05,2718,0,102317430,1117837
2023-02-06,24780,201,102342210,1118038
2023-02-07,31892,677,102374102,1118715
2023-02-08,112192,1002,102486294,1119717
2023-02-09,68999,788,102555293,1120505
2023-02-10,14142,162,102569435,1120667
2023-02-11,1902,11,102571337,1120678
2023-02-12,3127,13,102574464,1120691
2023-02-13,24468,213,102598932,1120904
2023-02-14,27526,390,102626458,1121294
2023-02-15,102914,903,102729372,1122197
2023-02-16,70512,647,102799884,1122844
2023-02-17,46091,728,102845975,1123572
2023-02-18,4071,8,102850046,1123580
2023-02-19,2807,8,102852853,1123588
2023-02-20,8447,55,102861300,1123643
2023-02-21,29117,308,102890417,1123951
2023-02-22,127499,854,103017916,1124805
2023-02-23,64478,520,103082394,1125325
2023-02-24,11171,82,103093565,1125407
2023-02-25,1527,13,103095092,1125420
2023-02-26,2318,1,103097410,1125421
2023-02-27,18147,28,103115557,1125449
2023-02-28,28351,1823,103143908,1127272
2023-03-01,89261,818,103233169,1128090
2023-03-02,62111,632,103295280,1128722
2023-03-03,69509,702,103364789,1129424
2023-03-04,1671,10,103366460,1129434
2023-03-05,1567,0,103368027,1129434
2023-03-06,14774,96,103382801,1129530
2023-03-07,23808,322,103406609,1129852
2023-03-08,63372,619,103469981,1130471
2023-03-09,55547,1441,103525528,1131912
2023-03-10,10161,51,103535689,1131963
2023-03-11,1489,6,103537178,1131969
2023-03-12,1005,-1,103538183,1131968
2023-03-13,13115,103,103551298,1132071
2023-03-14,20174,239,103571472,1132310
2023-03-15,137629,712,103709101,1133022
2023-03-16,54460,439,103763561,1133461
2023-03-17,18756,363,103782317,1133824
2023-03-18,1175,2,103783492,1133826
2023-03-19,1424,0,103784916,1133826
2023-03-20,9787,138,103794703,1133964
2023-03-21,18373,213,103813076,1134177
2023-03-22,51812,736,103864888,1134913
2023-03-23,45146,430,103910034,1135343
